{
  "project_info": {
    "project_number": "70391919024",
    "firebase_url": "https://order-managment-6c1f5-default-rtdb.firebaseio.com",
    "project_id": "order-managment-6c1f5",
    "storage_bucket": "order-managment-6c1f5.appspot.com"
  },
  "client": [
    {
      "client_info": {
        "mobilesdk_app_id": "1:70391919024:android:a7a5be00dfbc90f80e2675",
        "android_client_info": {
          "package_name": "com.example.clientorder"
        }
      },
      "oauth_client": [
        {
          "client_id": "70391919024-p30o9j4a64crbn886ljh31pf5kin0rqk.apps.googleusercontent.com",
          "client_type": 3
        }
      ],
      "api_key": [
        {
          "current_key": "AIzaSyB2lfCVdDUtttzbHiQqUDatzSDZ-hKAMGA"
        }
      ],
      "services": {
        "appinvite_service": {
          "other_platform_oauth_client": [
            {
              "client_id": "70391919024-p30o9j4a64crbn886ljh31pf5kin0rqk.apps.googleusercontent.com",
              "client_type": 3
            }
          ]
        }
      }
    },
    {
      "client_info": {
        "mobilesdk_app_id": "1:70391919024:android:6ba64a670a9f15530e2675",
        "android_client_info": {
          "package_name": "com.example.obslugaklienta"
        }
      },
      "oauth_client": [
        {
          "client_id": "70391919024-p30o9j4a64crbn886ljh31pf5kin0rqk.apps.googleusercontent.com",
          "client_type": 3
        }
      ],
      "api_key": [
        {
          "current_key": "AIzaSyB2lfCVdDUtttzbHiQqUDatzSDZ-hKAMGA"
        }
      ],
      "services": {
        "appinvite_service": {
          "other_platform_oauth_client": [
            {
              "client_id": "70391919024-p30o9j4a64crbn886ljh31pf5kin0rqk.apps.googleusercontent.com",
              "client_type": 3
            }
          ]
        }
      }
    }
  ],
  "configuration_version": "1"
}